Full Team Name,University,CoverNumber,PomeroyName,TRankName,OldTRankName,UpdatedTRankName,SportsReference,RevisedSportsReference
Abilene Christian Wildcats,Abilene Christian,,Abilene Christian,Abilene Christian,Abilene Christian,Abilene Christian,Abilene Christian,Abilene Christian
Air Force Falcons,Air Force,,Air Force,Air Force,Air Force,Air Force,Air Force,Air Force
Akron Zips,Akron,,Akron,Akron,Akron,Akron,Akron,Akron
Alabama Crimson Tide,Alabama,,Alabama 9,Alabama 9,Alabama,Alabama,Alabama,Alabama
Alabama AM Bulldogs,Alabama A%26M,,Alabama A&M,Alabama A&M,Alabama A&M,Alabama A&M,Alabama A&M,Alabama A&M
Alabama St Hornets,Alabama St.,,Alabama St.,Alabama St.,Alabama St.,Alabama St.,Alabama State,Alabama State
Albany Great Danes,Albany,2403,Albany,Albany,Albany,Albany,Albany (NY),Albany (NY)
Alcorn St Braves,Alcorn St.,,Alcorn St.,Alcorn St.,Alcorn St.,Alcorn St.,Alcorn State,Alcorn State
American Eagles,American,,American,American,American,American,American,American
Appalachian St Mountaineers,Appalachian St.,,Appalachian St.,Appalachian St.,Appalachian St.,Appalachian St.,Appalachian State,Appalachian State
Arizona Wildcats,Arizona,2175,Arizona 4,Arizona 4,Arizona,Arizona,Arizona,Arizona
Arizona State Sun Devils,Arizona St.,,Arizona St. 11,Arizona St. 11,Arizona St.,Arizona St.,Arizona State,Arizona State
Arkansas Razorbacks,Arkansas,,Arkansas 7,Arkansas 7,Arkansas,Arkansas,Arkansas,Arkansas
Arkansas St Red Wolves,Arkansas St.,,Arkansas St.,Arkansas St.,Arkansas St.,Arkansas St.,Arkansas State,Arkansas State
Arkansas Pine Bluff Golden Lions,Arkansas Pine Bluff,,Arkansas Pine Bluff,Arkansas Pine Bluff,Arkansas Pine Bluff,Arkansas Pine Bluff,Arkansas-Pine Bluff,Arkansas-Pine Bluff
Army Black Knights,Army,,Army,Army,Army,Army,Army,Army
Auburn Tigers,Auburn,,Auburn 4,Auburn 4,Auburn,Auburn,Auburn,Auburn
Austin Peay Governors,Austin Peay,,Austin Peay,Austin Peay,Austin Peay,Austin Peay,Austin Peay,Austin Peay
Ball St Cardinals,Ball St.,,Ball St.,Ball St.,Ball St.,Ball St.,Ball State,Ball State
Baylor Bears,Baylor,2446,Baylor,Baylor,Baylor,Baylor,Baylor,Baylor
Belmont Bruins,Belmont,,Belmont,Belmont,Belmont,Belmont,Belmont,Belmont
Bellarmine knights,Bellarmine,,Bellarmine,Bellarmine,Bellarmine,Bellarmine,Bellarmine,Bellarmine
Bethune Cookman Wildcats,Bethune Cookman,,Bethune Cookman,Bethune Cookman,Bethune Cookman,Bethune Cookman,Bethun-Cookman,Bethune-Cookman
Binghamton Bearcats,Binghamton,2251,Binghamton,Binghamton,Binghamton,Binghamton,Binghamton,Binghamton
Boise St Broncos,Boise St.,,Boise St.,Boise St.,Boise St.,Boise St.,Boise State,Boise State
Boston College Eagles,Boston College,2486,Boston College,Boston College,Boston College,Boston College,Boston College,Boston College
Boston U Terriers,Boston University,,Boston University,Boston University,Boston University,Boston University,Boston University,Boston University
Bowling Green Falcons,Bowling Green,,Bowling Green,Bowling Green,Bowling Green,Bowling Green,Bowling Green State,Bowling Green State
Bradley Braves,Bradley,,Bradley,Bradley,Bradley,Bradley,Bradley,Bradley
Brigham Young Cougars,BYU,,BYU,BYU,BYU,BYU,BYU,Brigham Young
Brown Bears,Brown,,Brown,Brown,Brown,Brown,Brown,Brown
Bryant Bulldogs,Bryant,,Bryant,Bryant,Bryant,Bryant,Bryant,Bryant
Bucknell Bison,Bucknell,,Bucknell 14,Bucknell 14,Bucknell,Bucknell,Bucknell,Bucknell
Buffalo Bulls,Buffalo,,Buffalo 13,Buffalo 13,Buffalo,Buffalo,Buffalo,Buffalo
Butler Bulldogs,Butler,2295,Butler 10,Butler 10,Butler,Butler,Butler,Butler
Cal Poly SLO Mustangs,Cal Poly,,Cal Poly,Cal Poly,Cal Poly,Cal Poly,Cal Poly,Cal Poly
CSU Fullerton Titans,Cal St. Fullerton,,Cal St. Fullerton 15,Cal St. Fullerton 15,Cal St. Fullerton,Cal St. Fullerton,Cal State Fullerton,Cal State Fullerton
CSU Bakersfield Roadrunners,Cal St. Bakersfield,,Cal St. Bakersfield,Cal St. Bakersfield,Cal St. Bakersfield,Cal St. Bakersfield,Cal State Bakersfield,Cal State Bakersfield
California Baptist Lancers,Cal Baptist,Cal Baptist,Cal Baptist,Cal Baptist,Cal Baptist,Cal Baptist,California Baptist,California Baptist
California Golden Bears,California,,California,California,California,California,California,University of California
Campbell Fighting Camels,Campbell,,Campbell,Campbell,Campbell,Campbell,Campbell,Campbell
Canisius Golden Griffins,Canisius,,Canisius,Canisius,Canisius,Canisius,Canisius,Canisius
Central Arkansas Bears,Central Arkansas,,Central Arkansas,Central Arkansas,Central Arkansas,Central Arkansas,Central Arkansas,Central Arkansas
Central Conn St Blue Devils,Central Connecticut,,Central Connecticut,Central Connecticut,Central Connecticut,Central Connecticut,Central Connecticut,Central Connecticut State
Central Florida Knights,UCF,2339,UCF,UCF,UCF,UCF,UCF,Central Florida
Central Michigan Chippewas,Central Michigan,,Central Michigan,Central Michigan,Central Michigan,Central Michigan,Central Michigan,Central Michigan
Charleston Cougars,College of Charleston,,Charleston 13,College of Charleston 13,College of Charleston,College of Charleston,College of Charleston,College of Charleston
Charleston Southern Buccaneers,Charleston Southern,,Charleston Southern,Charleston Southern,Charleston Southern,Charleston Southern,Charleston Southern,Charleston Southern
Charlotte 49ers,Charlotte,,Charlotte,Charlotte,Charlotte,Charlotte,Charlotte,Charlotte
Chattanooga Mocs,Chattanooga,,Chattanooga,Chattanooga,Chattanooga,Chattanooga,Chattanooga,Chattanooga
Chicago St Cougars,Chicago St.,,Chicago St.,Chicago St.,Chicago St.,Chicago St.,Chicago State,Chicago State
Cincinnati Bearcats,Cincinnati,2244,Cincinnati 2,Cincinnati 2,Cincinnati,Cincinnati,Cincinnati,Cincinnati
Clemson Tigers,Clemson,2466,Clemson 5,Clemson 5,Clemson,Clemson,Clemson,Clemson
Cleveland St Vikings,Cleveland St.,,Cleveland St.,Cleveland St.,Cleveland St.,Cleveland St.,Cleveland State,Cleveland State
Coastal Carolina Chanticleers,Coastal Carolina,,Coastal Carolina,Coastal Carolina,Coastal Carolina,Coastal Carolina,Coastal Carolina,Coastal Carolina
Colgate Raiders,Colgate,,Colgate,Colgate,Colgate,Colgate,Colgate,Colgate
Colorado Buffaloes,Colorado,,Colorado,Colorado,Colorado,Colorado,Colorado,Colorado
Colorado St Rams,Colorado St.,,Colorado St.,Colorado St.,Colorado St.,Colorado St.,Colorado State,Colorado State
Columbia Lions,Columbia,,Columbia,Columbia,Columbia,Columbia,Columbia,Columbia
Connecticut Huskies,Connecticut,,Connecticut,Connecticut,Connecticut,Connecticut,UConn,Connecticut
Coppin St Eagles,Coppin St.,,Coppin St.,Coppin St.,Coppin St.,Coppin St.,Coppin State,Coppin State
Cornell Big Red,Cornell,,Cornell,Cornell,Cornell,Cornell,Cornell,Cornell
Creighton Bluejays,Creighton,2495,Creighton 8,Creighton 8,Creighton,Creighton,Creighton,Creighton
CSU Northridge Matadors,Cal St. Northridge,,Cal St. Northridge,Cal St. Northridge,Cal St. Northridge,Cal St. Northridge,Cal State Northridge,Cal State Northridge
Dartmouth Big Green,Dartmouth,,Dartmouth,Dartmouth,Dartmouth,Dartmouth,Dartmouth,Dartmouth
Davidson Wildcats,Davidson,,Davidson 12,Davidson 12,Davidson,Davidson,Davidson,Davidson
Dayton Flyers,Dayton,,Dayton,Dayton,Dayton,Dayton,Dayton,Dayton
delaware-fightin-blue-hens,Delaware,,Delaware,Delaware,Delaware,Delaware,Delaware,Delaware
Delaware State Hornets,Delaware St.,,Delaware St.,Delaware St.,Delaware St.,Delaware St.,Delaware State,Delaware State
Denver Pioneers,Denver,,Denver,Denver,Denver,Denver,Denver,Denver
DePaul Blue Demons,DePaul,2182,DePaul,DePaul,DePaul,DePaul,DePaul,DePaul
Detroit Mercy Titans,Detroit,,Detroit,Detroit,Detroit,Detroit,Detroit,Detroit Mercy
Dixie state trailblazers,Dixie St.,,Dixie St.,Dixie St.,Dixie St.,Dixie St.,Dixie State,Dixie State
Drake Bulldogs,Drake,,Drake,Drake,Drake,Drake,Drake,Drake
Drexel Dragons,Drexel,,Drexel,Drexel,Drexel,Drexel,Drexel,Drexel
Duke Blue Devils,Duke,2518,Duke 2,Duke 2,Duke,Duke,Duke,Duke
Duquesne Dukes,Duquesne,,Duquesne,Duquesne,Duquesne,Duquesne,Duquesne,Duquesne
East Carolina Pirates,East Carolina,2211,East Carolina,East Carolina,East Carolina,East Carolina,East Carolina,East Carolina
East Tennessee St Buccaneers,East Tennessee St.,,East Tennessee St.,East Tennessee St.,East Tennessee St.,East Tennessee St.,ETSU,East Tennessee State
Eastern Illinois Panthers,Eastern Illinois,,Eastern Illinois,Eastern Illinois,Eastern Illinois,Eastern Illinois,Eastern Illinois,Eastern Illinois
Eastern Kentucky Colonels,Eastern Kentucky,,Eastern Kentucky,Eastern Kentucky,Eastern Kentucky,Eastern Kentucky,Eastern Kentucky,Eastern Kentucky
Eastern Michigan Eagles,Eastern Michigan,,Eastern Michigan,Eastern Michigan,Eastern Michigan,Eastern Michigan,Eastern Michigan,Eastern Michigan
Eastern Washington Eagles,Eastern Washington,,Eastern Washington,Eastern Washington,Eastern Washington,Eastern Washington,Eastern Washington,Eastern Washington
Elon University Phoenix,Elon,,Elon,Elon,Elon,Elon,Elon,Elon
Evansville Purple Aces,Evansville,,Evansville,Evansville,Evansville,Evansville,Evansville,Evansville
Fairfield Stags,Fairfield,,Fairfield,Fairfield,Fairfield,Fairfield,Fairfield,Fairfield
Fairleigh Dickinson Knights,Fairleigh Dickinson,,Fairleigh Dickinson,Fairleigh Dickinson,Fairleigh Dickinson,Fairleigh Dickinson,Fairleigh Dickinson,Fairleigh Dickinson
Florida Gators,Florida,,Florida,Florida,Florida,Florida,Florida,Florida
Florida AM Rattlers,Florida A%26M,,Florida A&M,Florida A&M,Florida A&M,Florida A&M,Florida A&M,Florida A&M
Florida Atlantic Owls,Florida Atlantic,,Florida Atlantic,Florida Atlantic,Florida Atlantic,Florida Atlantic,Florida Atlantic,Florida Atlantic
Florida Gulf Coast Eagles,Florida Gulf Coast,,Florida Gulf Coast,Florida Gulf Coast,Florida Gulf Coast,Florida Gulf Coast,Florida Gulf Coast,Florida Gulf Coast
Florida International Panthers,FIU,,FIU,FIU,FIU,FIU,Florida International,Florida International
Florida State Seminoles,Florida St.,2261,Florida St. 9,Florida St. 9,Florida St.,Florida St.,Florida State,Florida State
Fordham Rams,Fordham,,Fordham,Fordham,Fordham,Fordham,Fordham,Fordham
Fresno St Bulldogs,Fresno St.,,Fresno St.,Fresno St.,Fresno St.,Fresno St.,Fresno State,Fresno State
Furman Paladins,Furman,,Furman,Furman,Furman,Furman,Furman,Furman
Gardner Webb Runnin Bulldogs,Gardner Webb,,Gardner Webb,Gardner Webb,Gardner Webb,Gardner Webb,Gardner-Webb,Gardner-Webb
George Mason Patriots,George Mason,,George Mason,George Mason,George Mason,George Mason,George Mason,George Mason
George Washington Colonials,George Washington,,George Washington,George Washington,George Washington,George Washington,George Washington,George Washington
Georgetown Hoyas,Georgetown,2316,Georgetown,Georgetown,Georgetown,Georgetown,Georgetown,Georgetown
Georgia Bulldogs,Georgia,,Georgia,Georgia,Georgia,Georgia,Georgia,Georgia
Georgia Southern Eagles,Georgia Southern,,Georgia Southern,Georgia Southern,Georgia Southern,Georgia Southern,Georgia Southern,Georgia Southern
Georgia St Panthers,Georgia St.,,Georgia St. 15,Georgia St. 15,Georgia St.,Georgia St.,Georgia State,Georgia State
Georgia Tech Yellow Jackets,Georgia Tech,2259,Georgia Tech,Georgia Tech,Georgia Tech,Georgia Tech,Georgia Tech,Georgia Tech
Gonzaga Bulldogs,Gonzaga,,Gonzaga 4,Gonzaga 4,Gonzaga,Gonzaga,Gonzaga,Gonzaga
Grambling State Tigers,Grambling St.,,Grambling St.,Grambling St.,Grambling St.,Grambling St.,Grambling,Grambling
Grand Canyon Antelopes,Grand Canyon,,Grand Canyon,Grand Canyon,Grand Canyon,Grand Canyon,Grand Canyon,Grand Canyon
Green Bay Phoenix,Green Bay,,Green Bay,Green Bay,Green Bay,Green Bay,Green Bay,Green Bay
Hampton Pirates,Hampton,,Hampton,Hampton,Hampton,Hampton,Hampton,Hampton
Hartford Hawks,Hartford,2269,Hartford,Hartford,Hartford,Hartford,Hartford,Hartford
Harvard Crimson,Harvard,,Harvard,Harvard,Harvard,Harvard,Harvard,Harvard
Hawaii Rainbow Warriors,Hawaii,,Hawaii,Hawaii,Hawaii,Hawaii,Hawaii,Hawaii
High Point Panthers,High Point,,High Point,High Point,High Point,High Point,High Point,High Point
Hofstra Pride,Hofstra,,Hofstra,Hofstra,Hofstra,Hofstra,Hofstra,Hofstra
Holy Cross Crusaders,Holy Cross,,Holy Cross,Holy Cross,Holy Cross,Holy Cross,Holy Cross,Holy Cross
Houston Cougars,Houston,2515,Houston 6,Houston 6,Houston,Houston,Houston,Houston
Houston Baptist Huskies,Houston Baptist,,Houston Baptist,Houston Baptist,Houston Baptist,Houston Baptist,Houston Baptist,Houston Baptist
Howard Bison,Howard,,Howard,Howard,Howard,Howard,Howard,Howard
Idaho Vandals,Idaho,,Idaho,Idaho,Idaho,Idaho,Idaho,Idaho
Idaho State Bengals,Idaho St.,,Idaho St.,Idaho St.,Idaho St.,Idaho St.,Idaho State,Idaho State
Illinois Fighting Illini,Illinois,2264,Illinois,Illinois,Illinois,Illinois,Illinois,Illinois
Illinois St Redbirds,Illinois St.,,Illinois St.,Illinois St.,Illinois St.,Illinois St.,Illinois State,Illinois State
Illinois-Chicago Flames,Illinois Chicago,,Illinois Chicago,Illinois Chicago,Illinois Chicago,Illinois Chicago,UIC,Illinois-Chicago
Incarnate Word Cardinals,Incarnate Word,,Incarnate Word,Incarnate Word,Incarnate Word,Incarnate Word,Incarnate Word,Incarnate Word
Indiana Hoosiers,Indiana,2481,Indiana,Indiana,Indiana,Indiana,Indiana,Indiana
IUPUI Jaguars,IUPUI,,IUPUI,IUPUI,IUPUI,IUPUI,IUPUI,IUPUI
Indiana St Sycamores,Indiana St.,,Indiana St.,Indiana St.,Indiana St.,Indiana St.,Indiana State,Indiana State
Iona Gaels,Iona,,Iona 15,Iona 15,Iona,Iona,Iona,Iona
Iowa Hawkeyes,Iowa,2196,Iowa,Iowa,Iowa,Iowa,Iowa,Iowa
Iowa State Cyclones,Iowa St.,2513,Iowa St.,Iowa St.,Iowa St.,Iowa St.,Iowa State,Iowa State
Purdue Fort Wayne Mastodons,Fort Wayne,,Purdue Fort Wayne,Fort Wayne,Fort Wayne,Fort Wayne,Purdue-Fort Wayne,Purdue-Fort Wayne
Jackson State Tigers,Jackson St.,,Jackson St.,Jackson St.,Jackson St.,Jackson St.,Jackson State,Jackson State
Jacksonville Dolphins,Jacksonville,,Jacksonville,Jacksonville,Jacksonville,Jacksonville,Jacksonville,Jacksonville
Jacksonville St Gamecocks,Jacksonville St.,,Jacksonville St.,Jacksonville St.,Jacksonville St.,Jacksonville St.,Jacksonville State,Jacksonville State
James Madison Dukes,James Madison,,James Madison,James Madison,James Madison,James Madison,James Madison,James Madison
Kansas Jayhawks,Kansas,2507,Kansas 1,Kansas 1,Kansas,Kansas,Kansas,Kansas
Kansas State Wildcats,Kansas St.,2311,Kansas St. 9,Kansas St. 9,Kansas St.,Kansas St.,Kansas State,Kansas State
Kennesaw St Owls,Kennesaw St.,,Kennesaw St.,Kennesaw St.,Kennesaw St.,Kennesaw St.,Kennesaw State,Kennesaw State
Kent St Golden Flashes,Kent St.,,Kent St.,Kent St.,Kent St.,Kent St.,Kent State,Kent State
Kentucky Wildcats,Kentucky,,Kentucky 5,Kentucky 5,Kentucky,Kentucky,Kentucky,Kentucky
La Salle Explorers,La Salle,,La Salle,La Salle,La Salle,La Salle,La Salle,La Salle
Lafayette Leopards,Lafayette,,Lafayette,Lafayette,Lafayette,Lafayette,Lafayette,Lafayette
Lamar Cardinals,Lamar,,Lamar,Lamar,Lamar,Lamar,Lamar,Lamar
Lehigh Mountain Hawks,Lehigh,,Lehigh,Lehigh,Lehigh,Lehigh,Lehigh,Lehigh
Liberty Flames,Liberty,,Liberty,Liberty,Liberty,Liberty,Liberty,Liberty
Lipscomb Bison,Lipscomb,,Lipscomb 15,Lipscomb 15,Lipscomb,Lipscomb,Lipscomb,Lipscomb
Little Rock Trojans,Little Rock,,Little Rock,Little Rock,Little Rock,Little Rock,Little Rock,Little Rock
LIU Sharks,LIU Brooklyn,,LIU,LIU Brooklyn 16,LIU Brooklyn,LIU Brooklyn,LIU,Long Island University
Long Beach St Beach,Long Beach St.,,Long Beach St.,Long Beach St.,Long Beach St.,Long Beach St.,Long Beach State,Cal State Long Beach
Longwood Lancers,Longwood,,Longwood,Longwood,Longwood,Longwood,Longwood,Longwood
UL Monroe Warhawks,Louisiana Monroe,,Louisiana Monroe,Louisiana Monroe,Louisiana Monroe,Louisiana Monroe,Louisiana-Monroe,Louisiana-Monroe
Louisiana State Tigers,LSU,,LSU,LSU,LSU,LSU,LSU,Louisiana State
Louisiana Tech Bulldogs,Louisiana Tech,,Louisiana Tech,Louisiana Tech,Louisiana Tech,Louisiana Tech,Louisiana Tech,Louisiana Tech
Louisville Cardinals,Louisville,2496,Louisville,Louisville,Louisville,Louisville,Louisville,Louisville
Loyola Marymount Lions,Loyola Marymount,,Loyola Marymount,Loyola Marymount,Loyola Marymount,Loyola Marymount,Loyola Marymount,Loyola Marymount
Loyola Chicago Ramblers,Loyola Chicago,,Loyola Chicago 11,Loyola Chicago 11,Loyola Chicago,Loyola Chicago,Loyola (IL),Loyola (IL)
Loyola Md Greyhounds,Loyola MD,,Loyola MD,Loyola MD,Loyola MD,Loyola MD,Loyola (MD),Loyola (MD)
Maine Black Bears,Maine,2185,Maine,Maine,Maine,Maine,Maine,Maine
Manhattan Jaspers,Manhattan,,Manhattan,Manhattan,Manhattan,Manhattan,Manhattan,Manhattan
Marist Red Foxes,Marist,,Marist,Marist,Marist,Marist,Marist,Marist
Marquette Golden Eagles,Marquette,2406,Marquette,Marquette,Marquette,Marquette,Marquette,Marquette
Marshall Thundering Herd,Marshall,,Marshall 13,Marshall 13,Marshall,Marshall,Marshall,Marshall
Maryland Terrapins,Maryland,,Maryland,Maryland,Maryland,Maryland,Maryland,Maryland
Maryland Eastern Shore Hawks,Maryland Eastern Shore,2174,Maryland Eastern Shore,Maryland Eastern Shore,Maryland Eastern Shore,Maryland Eastern Shore,Maryland-Eastern Shore,Maryland-Eastern Shore
Massachusetts Minutemen,Massachusetts,,Massachusetts,Massachusetts,Massachusetts,Massachusetts,UMass,Massachusetts
Massachusetts Lowell River Hawks,UMass Lowell,665710,UMass Lowell,UMass Lowell,UMass Lowell,UMass Lowell,UMass-Lowell,Massachusetts-Lowell
McNeese St Cowboys,McNeese St.,,McNeese St.,McNeese St.,McNeese St.,McNeese St.,McNeese State,McNeese State
UMBC Retrievers,UMBC,2411,UMBC 16,UMBC 16,UMBC,UMBC,UMBC,Maryland-Baltimore County
Memphis Tigers,Memphis,2204,Memphis,Memphis,Memphis,Memphis,Memphis,Memphis
Merrimack Warriors,Merrimack,,Merrimack,Merrimack,Merrimack,Merrimack,Merrimack,Merrimack
Mercer Bears,Mercer,,Mercer,Mercer,Mercer,Mercer,Mercer,Mercer
Miami OH RedHawks,Miami OH,,Miami OH,Miami OH,Miami OH,Miami OH,Miami (OH),Miami (OH)
Miami Hurricanes,Miami FL,2494,Miami FL 6,Miami FL 6,Miami FL,Miami FL,Miami (FL),Miami (FL)
Michigan Wolverines,Michigan,2323,Michigan 3,Michigan 3,Michigan,Michigan,Michigan,Michigan
Michigan St Spartans,Michigan St.,2180,Michigan St. 3,Michigan St. 3,Michigan St.,Michigan St.,Michigan State,Michigan State
Middle Tennessee St Blue Raiders,Middle Tennessee,,Middle Tennessee,Middle Tennessee,Middle Tennessee,Middle Tennessee,Middle Tennessee,Middle Tennessee
Minnesota Golden Gophers,Minnesota,2412,Minnesota,Minnesota,Minnesota,Minnesota,Minnesota,Minnesota
Mississippi Rebels,Mississippi,,Mississippi,Mississippi,Mississippi,Mississippi,Ole Miss,Mississippi
Mississippi State Bulldogs,Mississippi St.,,Mississippi St.,Mississippi St.,Mississippi St.,Mississippi St.,Mississippi State,Mississippi State
Mississippi Valley State Delta Devils,Mississippi Valley St.,,Mississippi Valley St.,Mississippi Valley St.,Mississippi Valley St.,Mississippi Valley St.,Mississippi Valley State,Mississippi Valley State
Missouri Tigers,Missouri,,Missouri 8,Missouri 8,Missouri,Missouri,Missouri,Missouri
Missouri St Bears,Missouri St.,,Missouri St.,Missouri St.,Missouri St.,Missouri St.,Missouri State,Missouri State
Monmouth-NJ Hawks,Monmouth,,Monmouth,Monmouth,Monmouth,Monmouth,Monmouth,Monmouth
Montana Grizzlies,Montana,,Montana 14,Montana 14,Montana,Montana,Montana,Montana
Montana St Bobcats,Montana St.,,Montana St.,Montana St.,Montana St.,Montana St.,Montana State,Montana State
Morehead St Eagles,Morehead St.,,Morehead St.,Morehead St.,Morehead St.,Morehead St.,Morehead State,Morehead State
Morgan St Bears,Morgan St.,,Morgan St.,Morgan St.,Morgan St.,Morgan St.,Morgan State,Morgan State
Mount St Marys Mountaineers,Mount St. Mary%27s,,Mount St. Mary's,Mount St. Mary's,Mount St. Mary's,Mount St. Mary's,Mount St. Mary's,Mount St. Mary's
Murray St Racers,Murray St.,,Murray St. 12,Murray St. 12,Murray St.,Murray St.,Murray State,Murray State
Navy Midshipmen,Navy,,Navy,Navy,Navy,Navy,Navy,Navy
NC State Wolfpack,North Carolina St.,,N.C. State,North Carolina St.,North Carolina St.,North Carolina St.,NC State,North Carolina State
UNC Asheville Bulldogs,UNC Asheville,,UNC Asheville,UNC Asheville,UNC Asheville,UNC Asheville,UNC Asheville,North Carolina-Asheville
UNC Greensboro Spartans,UNC Greensboro,,UNC Greensboro 13,UNC Greensboro 13,UNC Greensboro,UNC Greensboro,UNC Greensboro,North Carolina-Greensboro
UNC Wilmington Seahawks,UNC Wilmington,,UNC Wilmington,UNC Wilmington,UNC Wilmington,UNC Wilmington,UNC Wilmington,North Carolina-Wilmington
Nebraska Cornhuskers,Nebraska,,Nebraska,Nebraska,Nebraska,Nebraska,Nebraska,Nebraska
Nebraska Omaha Mavericks,Nebraska Omaha,2546,Nebraska Omaha,Nebraska Omaha,Nebraska Omaha,Nebraska Omaha,Omaha,Omaha
Nevada Wolf Pack,Nevada,,Nevada 7,Nevada 7,Nevada,Nevada,Nevada,Nevada
New Hampshire Wildcats,New Hampshire,2286,New Hampshire,New Hampshire,New Hampshire,New Hampshire,New Hampshire,New Hampshire
NJIT Highlanders,NJIT,,NJIT,NJIT,NJIT,NJIT,NJIT,NJIT
New Mexico Lobos,New Mexico,,New Mexico,New Mexico,New Mexico,New Mexico,New Mexico,New Mexico
New Mexico St Aggies,New Mexico St.,,New Mexico St. 12,New Mexico St. 12,New Mexico St.,New Mexico St.,New Mexico State,New Mexico State
New Orleans Privateers,New Orleans,,New Orleans,New Orleans,New Orleans,New Orleans,New Orleans,New Orleans
Niagara Purple Eagles,Niagara,,Niagara,Niagara,Niagara,Niagara,Niagara,Niagara
Nicholls State Colonels,Nicholls St.,,Nicholls St.,Nicholls St.,Nicholls St.,Nicholls St.,Nicholls State,Nicholls State
North Carolina AT Aggies,North Carolina A%26T,,North Carolina A&T,North Carolina A&T,North Carolina A&T,North Carolina A&T,North Carolina A&T,North Carolina A&T
Norfolk State Spartans,Norfolk St.,,Norfolk St.,Norfolk St.,Norfolk St.,Norfolk St.,Norfolk State,Norfolk State
North Alabama Lions,North Alabama,North Alabama,North Alabama,North Alabama,North Alabama,North Alabama,North Alabama,North Alabama
North Carolina Tar Heels,North Carolina,2266,North Carolina 2,North Carolina 2,North Carolina,North Carolina,UNC,North Carolina
North Carolina Central Eagles,North Carolina Central,,North Carolina Central 16,North Carolina Central 16,North Carolina Central,North Carolina Central,North Carolina Central,North Carolina Central
North Dakota Fighting Hawks,North Dakota,,North Dakota,North Dakota,North Dakota,North Dakota,North Dakota,North Dakota
North Dakota State Bison,North Dakota St.,,North Dakota St.,North Dakota St.,North Dakota St.,North Dakota St.,North Dakota State,North Dakota State
North Florida Ospreys,North Florida,,North Florida,North Florida,North Florida,North Florida,North Florida,North Florida
North Texas Mean Green,North Texas,,North Texas,North Texas,North Texas,North Texas,North Texas,North Texas
Northeastern Huskies,Northeastern,,Northeastern,Northeastern,Northeastern,Northeastern,Northeastern,Northeastern
Northern Arizona Lumberjacks,Northern Arizona,,Northern Arizona,Northern Arizona,Northern Arizona,Northern Arizona,Northern Arizona,Northern Arizona
Northern Colorado Bears,Northern Colorado,,Northern Colorado,Northern Colorado,Northern Colorado,Northern Colorado,Northern Colorado,Northern Colorado
Northern Illinois Huskies,Northern Illinois,,Northern Illinois,Northern Illinois,Northern Illinois,Northern Illinois,Northern Illinois,Northern Illinois
Northern Iowa Panthers,Northern Iowa,,Northern Iowa,Northern Iowa,Northern Iowa,Northern Iowa,Northern Iowa,Northern Iowa
Northern Kentucky Norse,Northern Kentucky,,Northern Kentucky,Northern Kentucky,Northern Kentucky,Northern Kentucky,Northern Kentucky,Northern Kentucky
Northwestern Wildcats,Northwestern,,Northwestern,Northwestern,Northwestern,Northwestern,Northwestern,Northwestern
Northwestern St Demons,Northwestern St.,2216,Northwestern St.,Northwestern St.,Northwestern St.,Northwestern St.,Northwestern State,Northwestern State
Notre Dame Fighting Irish,Notre Dame,2285,Notre Dame,Notre Dame,Notre Dame,Notre Dame,Notre Dame,Notre Dame
Oakland Golden Grizzlies,Oakland,,Oakland,Oakland,Oakland,Oakland,Oakland,Oakland
Ohio Bobcats,Ohio,,Ohio,Ohio,Ohio,Ohio,Ohio,Ohio
Ohio St Buckeyes,Ohio St.,2500,Ohio St. 5,Ohio St. 5,Ohio St.,Ohio St.,Ohio State,Ohio State
Oklahoma Sooners,Oklahoma,2178,Oklahoma 10,Oklahoma 10,Oklahoma,Oklahoma,Oklahoma,Oklahoma
Oklahoma State Cowboys,Oklahoma St.,2243,Oklahoma St.,Oklahoma St.,Oklahoma St.,Oklahoma St.,Oklahoma State,Oklahoma State
Old Dominion Monarchs,Old Dominion,,Old Dominion,Old Dominion,Old Dominion,Old Dominion,Old Dominion,Old Dominion
Oral Roberts Golden Eagles,Oral Roberts,,Oral Roberts,Oral Roberts,Oral Roberts,Oral Roberts,Oral Roberts,Oral Roberts
Oregon Ducks,Oregon,,Oregon,Oregon,Oregon,Oregon,Oregon,Oregon
Oregon St Beavers,Oregon St.,,Oregon St.,Oregon St.,Oregon St.,Oregon St.,Oregon State,Oregon State
Pacific Tigers,Pacific,,Pacific,Pacific,Pacific,Pacific,Pacific,Pacific
Penn St Nittany Lions,Penn St.,2501,Penn St.,Penn St.,Penn St.,Penn St.,Penn State,Penn State
Pennsylvania Quakers,Penn,,Penn 16,Penn 16,Penn,Penn,Pennsylvania,Pennsylvania
Pepperdine Waves,Pepperdine,,Pepperdine,Pepperdine,Pepperdine,Pepperdine,Pepperdine,Pepperdine
Pittsburgh Panthers,Pittsburgh,2279,Pittsburgh,Pittsburgh,Pittsburgh,Pittsburgh,Pitt,Pittsburgh
Portland Pilots,Portland,,Portland,Portland,Portland,Portland,Portland,Portland
Portland St Vikings,Portland St.,,Portland St.,Portland St.,Portland St.,Portland St.,Portland State,Portland State
Prairie View AM Panthers,Prairie View A%26M,,Prairie View A&M,Prairie View A&M,Prairie View A&M,Prairie View A&M,Prairie View,Prairie View
Presbyterian Blue Hose,Presbyterian,,Presbyterian,Presbyterian,Presbyterian,Presbyterian,Presbyterian,Presbyterian
Princeton Tigers,Princeton,,Princeton,Princeton,Princeton,Princeton,Princeton,Princeton
Providence Friars,Providence,2301,Providence 10,Providence 10,Providence,Providence,Providence,Providence
Purdue Boilermakers,Purdue,2294,Purdue 2,Purdue 2,Purdue,Purdue,Purdue,Purdue
Quinnipiac Bobcats,Quinnipiac,,Quinnipiac,Quinnipiac,Quinnipiac,Quinnipiac,Quinnipiac,Quinnipiac
Radford Highlanders,Radford,,Radford 16,Radford 16,Radford,Radford,Radford,Radford
Rhode Island Rams,Rhode Island,,Rhode Island 7,Rhode Island 7,Rhode Island,Rhode Island,Rhode Island,Rhode Island
Rice Owls,Rice,,Rice,Rice,Rice,Rice,Rice,Rice
Richmond Spiders,Richmond,,Richmond,Richmond,Richmond,Richmond,Richmond,Richmond
Rider Broncs,Rider,,Rider,Rider,Rider,Rider,Rider,Rider
Robert Morris Colonials,Robert Morris,,Robert Morris,Robert Morris,Robert Morris,Robert Morris,Robert Morris,Robert Morris
Rutgers Scarlet Knights,Rutgers,2210,Rutgers,Rutgers,Rutgers,Rutgers,Rutgers,Rutgers
Sacramento State Hornets,Sacramento St.,,Sacramento St.,Sacramento St.,Sacramento St.,Sacramento St.,Sacramento State,Sacramento State
Sacred Heart Pioneers,Sacred Heart,,Sacred Heart,Sacred Heart,Sacred Heart,Sacred Heart,Sacred Heart,Sacred Heart
Saint Louis Billikens,Saint Louis,,Saint Louis,Saint Louis,Saint Louis,Saint Louis,Saint Louis,Saint Louis
Sam Houston St Bearkats,Sam Houston St.,,Sam Houston St.,Sam Houston St.,Sam Houston St.,Sam Houston St.,Sam Houston State,Sam Houston State
Samford Bulldogs,Samford,,Samford,Samford,Samford,Samford,Samford,Samford
San Diego Toreros,San Diego,,San Diego,San Diego,San Diego,San Diego,San Diego,San Diego
San Diego St Aztecs,San Diego St.,,San Diego St. 11,San Diego St. 11,San Diego St.,San Diego St.,San Diego State,San Diego State
San Francisco Dons,San Francisco,,San Francisco,San Francisco,San Francisco,San Francisco,San Francisco,San Francisco
San Jose St Spartans,San Jose St.,,San Jose St.,San Jose St.,San Jose St.,San Jose St.,San Jose State,San Jose State
Santa Clara Broncos,Santa Clara,,Santa Clara,Santa Clara,Santa Clara,Santa Clara,Santa Clara,Santa Clara
Savannah State Tigers,Savannah St.,,Savannah St.,Savannah St.,Savannah St.,Savannah St.,Savannah St.,Savannah St.
SE Missouri St Redhawks,Southeast Missouri St.,,Southeast Missouri St.,Southeast Missouri St.,Southeast Missouri St.,Southeast Missouri St.,Southeast Missouri State,Southeast Missouri State
Seattle Redhawks,Seattle,,Seattle,Seattle,Seattle,Seattle,Seattle,Seattle
Seton Hall Pirates,Seton Hall,2300,Seton Hall 8,Seton Hall 8,Seton Hall,Seton Hall,Seton Hall,Seton Hall
Siena Saints,Siena,,Siena,Siena,Siena,Siena,Siena,Siena
SIU Edwardsville Cougars,SIU Edwardsville,,SIU Edwardsville,SIU Edwardsville,SIU Edwardsville,SIU Edwardsville,SIU-Edwardsville,SIU Edwardsville
South Alabama Jaguars,South Alabama,,South Alabama,South Alabama,South Alabama,South Alabama,South Alabama,South Alabama
South Carolina Gamecocks,South Carolina,,South Carolina,South Carolina,South Carolina,South Carolina,South Carolina,South Carolina
South Carolina State Bulldogs,South Carolina St.,,South Carolina St.,South Carolina St.,South Carolina St.,South Carolina St.,South Carolina State,South Carolina State
South Carolina Upstate Spartans,USC Upstate,,USC Upstate,USC Upstate,USC Upstate,USC Upstate,USC Upstate,South Carolina Upstate
South Dakota Coyotes,South Dakota,,South Dakota,South Dakota,South Dakota,South Dakota,South Dakota,South Dakota
South Dakota State Jackrabbits,South Dakota St.,,South Dakota St. 12,South Dakota St. 12,South Dakota St.,South Dakota St.,South Dakota State,South Dakota State
South Florida Bulls,South Florida,2510,South Florida,South Florida,South Florida,South Florida,South Florida,South Florida
Southeastern Louisiana Lions,Southeastern Louisiana,,Southeastern Louisiana,Southeastern Louisiana,Southeastern Louisiana,Southeastern Louisiana,Southeastern Louisiana,Southeastern Louisiana
Southern Jaguars,Southern,,Southern,Southern,Southern,Southern,Southern,Southern
Southern California Trojans,USC,,USC,USC,USC,USC,USC,Southern California
Southern Illinois Salukis,Southern Illinois,,Southern Illinois,Southern Illinois,Southern Illinois,Southern Illinois,Southern Illinois,Southern Illinois
Southern Methodist Mustangs,SMU,2349,SMU,SMU,SMU,SMU,SMU,Southern Methodist
Southern Miss Golden Eagles,Southern Miss,,Southern Miss,Southern Miss,Southern Miss,Southern Miss,Southern Miss,Southern Mississippi
Southern Utah Thunderbirds,Southern Utah,,Southern Utah,Southern Utah,Southern Utah,Southern Utah,Southern Utah,Southern Utah
St Bonaventure Bonnies,St. Bonaventure,,St. Bonaventure 11,St. Bonaventure 11,St. Bonaventure,St. Bonaventure,St. Bonaventure,St. Bonaventure
St Francis PA Red Flash,St. Francis PA,,St. Francis PA,St. Francis PA,St. Francis PA,St. Francis PA,Saint Francis (PA),Saint Francis (PA)
St Francis Bkn Terriers,St. Francis NY,,St. Francis NY,St. Francis NY,St. Francis NY,St. Francis NY,St. Francis (NY),St. Francis (NY)
St Johns Red Storm,St. John%27s,2442,St. John's,St. John's,St. John's,St. John's,St. John's (NY),St. John's (NY)
Saint Josephs Hawks,Saint Joseph%27s,,Saint Joseph's,Saint Joseph's,Saint Joseph's,Saint Joseph's,St. Joseph's,Saint Joseph's
Saint Marys Gaels,Saint Mary%27s,,Saint Mary's,Saint Mary's,Saint Mary's,Saint Mary's,Saint Mary's,Saint Mary's (CA)
Saint Peters Peacocks,Saint Peter%27s,,Saint Peter's,Saint Peter's,Saint Peter's,Saint Peter's,St. Peter's,Saint Peter's
Stanford Cardinal,Stanford,,Stanford,Stanford,Stanford,Stanford,Stanford,Stanford
Stephen F Austin Lumberjacks,Stephen F. Austin,,Stephen F. Austin 14,Stephen F. Austin 14,Stephen F. Austin,Stephen F. Austin,Stephen F. Austin,Stephen F. Austin
Stetson Hatters,Stetson,,Stetson,Stetson,Stetson,Stetson,Stetson,Stetson
Stony Brook Seawolves,Stony Brook,2443,Stony Brook,Stony Brook,Stony Brook,Stony Brook,Stony Brook,Stony Brook
Syracuse Orange,Syracuse,2186,Syracuse 11,Syracuse 11,Syracuse,Syracuse,Syracuse,Syracuse
tarleton state texans,Tarleton St.,,Tarleton St.,Tarleton St.,Tarleton St.,Tarleton St.,Tarleton State,Tarleton State
Temple Owls,Temple,2177,Temple,Temple,Temple,Temple,Temple,Temple
Tenn-Martin Skyhawks,Tennessee Martin,,Tennessee Martin,Tennessee Martin,Tennessee Martin,Tennessee Martin,UT-Martin,Tennessee-Martin
Tennessee Volunteers,Tennessee,,Tennessee 3,Tennessee 3,Tennessee,Tennessee,Tennessee,Tennessee
Tennessee St Tigers,Tennessee St.,,Tennessee St.,Tennessee St.,Tennessee St.,Tennessee St.,Tennessee State,Tennessee State
Tennessee Tech Golden Eagles,Tennessee Tech,,Tennessee Tech,Tennessee Tech,Tennessee Tech,Tennessee Tech,Tennessee Tech,Tennessee Tech
Texas Longhorns,Texas,2380,Texas 10,Texas 10,Texas,Texas,Texas,Texas
Texas AM Aggies,Texas A%26M,,Texas A&M 7,Texas A&M 7,Texas A&M,Texas A&M,Texas A&M,Texas A&M
Texas AM CC Islanders,Texas A%26M Corpus Chris,,Texas A&M Corpus Chris,Texas A&M Corpus Chris,Texas A&M Corpus Chris,Texas A&M Corpus Chris,Texas A&M-Corpus Christi,Texas A&M-Corpus Christi
Texas Christian Horned Frogs,TCU,2291,TCU 6,TCU 6,TCU,TCU,TCU,Texas Christian
Texas Rio Grande Valley Vaqueros,UT Rio Grande Valley,,UT Rio Grande Valley,UT Rio Grande Valley,UT Rio Grande Valley,UT Rio Grande Valley,Texas-Rio Grande Valley,Texas-Rio Grande Valley
Texas Southern Tigers,Texas Southern,,Texas Southern 16,Texas Southern 16,Texas Southern,Texas Southern,Texas Southern,Texas Southern
Texas State Bobcats,Texas St.,,Texas St.,Texas St.,Texas St.,Texas St.,Texas State,Texas State
Texas Tech Red Raiders,Texas Tech,2319,Texas Tech 3,Texas Tech 3,Texas Tech,Texas Tech,Texas Tech,Texas Tech
Texas Arlington Mavericks,UT Arlington,,UT Arlington,UT Arlington,UT Arlington,UT Arlington,Texas-Arlington,Texas-Arlington
Texas El Paso Miners,UTEP,,UTEP,UTEP,UTEP,UTEP,UTEP,Texas-El Paso
Texas San Antonio Roadrunners,UTSA,,UTSA,UTSA,UTSA,UTSA,UTSA,Texas-San Antonio
The Citadel Bulldogs,The Citadel,,The Citadel,The Citadel,The Citadel,The Citadel,The Citadel,The Citadel
Toledo Rockets,Toledo,,Toledo,Toledo,Toledo,Toledo,Toledo,Toledo
Towson Tigers,Towson,,Towson,Towson,Towson,Towson,Towson,Towson
Troy Trojans,Troy,,Troy,Troy,Troy,Troy,Troy,Troy
Tulane Green Wave,Tulane,2367,Tulane,Tulane,Tulane,Tulane,Tulane,Tulane
Tulsa Golden Hurricane,Tulsa,2512,Tulsa,Tulsa,Tulsa,Tulsa,Tulsa,Tulsa
UAB Blazers,UAB,,UAB,UAB,UAB,UAB,Alabama-Birmingham,Alabama-Birmingham
UC Davis Aggies,UC Davis,,UC Davis,UC Davis,UC Davis,UC Davis,UC-Davis,UC-Davis
UC Irvine Anteaters,UC Irvine,,UC Irvine,UC Irvine,UC Irvine,UC Irvine,UC-Irvine,UC-Irvine
UC San Diego tritons,UC San Diego,,UC San Diego,UC San Diego,UC San Diego,UC San Diego,UC-San Diego,UC-San Diego
UC Riverside Highlanders,UC Riverside,,UC Riverside,UC Riverside,UC Riverside,UC Riverside,UC-Riverside,UC-Riverside
UC Santa Barbara Gauchos,UC Santa Barbara,,UC Santa Barbara,UC Santa Barbara,UC Santa Barbara,UC Santa Barbara,UCSB,UC-Santa Barbara
UCLA Bruins,UCLA,,UCLA 11,UCLA 11,UCLA,UCLA,UCLA,UCLA
UL Lafayette Ragin Cajuns,Louisiana Lafayette,,Louisiana,Louisiana Lafayette,Louisiana Lafayette,Louisiana Lafayette,Louisiana,Louisiana
Kansas City roos,UMKC,,UMKC,UMKC,UMKC,UMKC,UMKC,Missouri-Kansas City
UNLV Rebels,UNLV,,UNLV,UNLV,UNLV,UNLV,UNLV,Nevada-Las Vegas
Utah Utes,Utah,,Utah,Utah,Utah,Utah,Utah,Utah
Utah St Aggies,Utah St.,,Utah St.,Utah St.,Utah St.,Utah St.,Utah State,Utah State
Utah Valley Wolverines,Utah Valley,,Utah Valley,Utah Valley,Utah Valley,Utah Valley,Utah Valley,Utah Valley
Valparaiso Crusaders,Valparaiso,,Valparaiso,Valparaiso,Valparaiso,Valparaiso,Valparaiso,Valparaiso
Vanderbilt Commodores,Vanderbilt,,Vanderbilt,Vanderbilt,Vanderbilt,Vanderbilt,Vanderbilt,Vanderbilt
VCU Rams,VCU,,VCU,VCU,VCU,VCU,VCU,Virginia Commonwealth
Vermont Catamounts,Vermont,2314,Vermont,Vermont,Vermont,Vermont,Vermont,Vermont
Villanova Wildcats,Villanova,2561,Villanova 1,Villanova 1,Villanova,Villanova,Villanova,Villanova
Virginia Cavaliers,Virginia,2315,Virginia 1,Virginia 1,Virginia,Virginia,Virginia,Virginia
Virginia Tech Hokies,Virginia Tech,2414,Virginia Tech 8,Virginia Tech 8,Virginia Tech,Virginia Tech,Virginia Tech,Virginia Tech
VMI Keydets,VMI,,VMI,VMI,VMI,VMI,VMI,VMI
Wagner Seahawks,Wagner,,Wagner,Wagner,Wagner,Wagner,Wagner,Wagner
Wake Forest Demon Deacons,Wake Forest,2188,Wake Forest,Wake Forest,Wake Forest,Wake Forest,Wake Forest,Wake Forest
Washington Huskies,Washington,,Washington,Washington,Washington,Washington,Washington,Washington
Washington St Cougars,Washington St.,,Washington St.,Washington St.,Washington St.,Washington St.,Washington State,Washington State
Weber St Wildcats,Weber St.,,Weber St.,Weber St.,Weber St.,Weber St.,Weber State,Weber State
West Virginia Mountaineers,West Virginia,2283,West Virginia 5,West Virginia 5,West Virginia,West Virginia,West Virginia,West Virginia
Western Carolina Catamounts,Western Carolina,,Western Carolina,Western Carolina,Western Carolina,Western Carolina,Western Carolina,Western Carolina
Western Illinois Leathernecks,Western Illinois,,Western Illinois,Western Illinois,Western Illinois,Western Illinois,Western Illinois,Western Illinois
Western Kentucky Hilltoppers,Western Kentucky,,Western Kentucky,Western Kentucky,Western Kentucky,Western Kentucky,Western Kentucky,Western Kentucky
Western Michigan Broncos,Western Michigan,,Western Michigan,Western Michigan,Western Michigan,Western Michigan,Western Michigan,Western Michigan
Wichita St Shockers,Wichita St.,2374,Wichita St. 4,Wichita St. 4,Wichita St.,Wichita St.,Wichita State,Wichita State
William- Mary Tribe,William %26 Mary,,William & Mary,William & Mary,William & Mary,William & Mary,William & Mary,William & Mary
Winthrop Eagles,Winthrop,,Winthrop,Winthrop,Winthrop,Winthrop,Winthrop,Winthrop
Milwaukee Panthers,Milwaukee,,Milwaukee,Milwaukee,Milwaukee,Milwaukee,Milwaukee,Milwaukee
Wisconsin Badgers,Wisconsin,2437,Wisconsin,Wisconsin,Wisconsin,Wisconsin,Wisconsin,Wisconsin
Wofford Terriers,Wofford,,Wofford,Wofford,Wofford,Wofford,Wofford,Wofford
Wright St Raiders,Wright St.,,Wright St. 14,Wright St. 14,Wright St.,Wright St.,Wright State,Wright State
Wyoming Cowboys,Wyoming,,Wyoming,Wyoming,Wyoming,Wyoming,Wyoming,Wyoming
Xavier Musketeers,Xavier,2390,Xavier 1,Xavier 1,Xavier,Xavier,Xavier,Xavier
Yale Bulldogs,Yale,,Yale,Yale,Yale,Yale,Yale,Yale
Youngstown St Penguins,Youngstown St.,,Youngstown St.,Youngstown St.,Youngstown St.,Youngstown St.,Youngstown State,Youngstown State
